"Block","Distance","Y_2001","Y_2002","Y_2003","Y_2004","Y_2005","Y_2006","Y_2007","Y_2008","Y_2009","Y_2010","Y_2011","Y_2012","Y_2013","Y_2014","Y_2015"
0,"other",0,0.552239650630474,0.610296560774168,1.02837069387898,0.909068055721702,1.05782634959718,1.54989048671057,1.90593241293088,1.8801854351758,NA,NA,NA,NA,NA,NA
431,"other",NA,NA,0.610296560774168,NA,0.909068055721702,NA,NA,NA,NA,NA,NA,NA,NA,NA,NA
470,"other",NA,NA,NA,1.02837069387898,NA,NA,NA,NA,NA,NA,NA,NA,NA,NA,NA
1089,"other",NA,NA,NA,NA,NA,NA,1.54989048671057,NA,NA,NA,NA,NA,NA,NA,NA
1375,"other",0,0.552239650630474,0.610296560774168,1.02837069387898,0.909068055721702,1.05782634959718,1.54989048671057,1.90593241293088,1.8801854351758,1.71681409286557,1.60333489075557,1.8418917918543,2.08604702775696,2.08342702826055,2.48247865576743
1376,"other",0,0.552239650630474,0.610296560774168,1.02837069387898,0.909068055721702,1.05782634959718,1.54989048671057,1.90593241293088,1.8801854351758,1.71681409286557,1.60333489075557,1.8418917918543,2.08604702775696,2.08342702826055,2.48247865576743
1377,"other",0,0.552239650630474,0.610296560774168,1.02837069387898,0.909068055721702,1.05782634959718,1.54989048671057,1.90593241293088,1.8801854351758,1.71681409286557,1.60333489075557,1.8418917918543,2.08604702775696,2.08342702826055,2.48247865576743
1378,"other",0,0.552239650630474,0.610296560774168,1.02837069387898,0.909068055721702,1.05782634959718,1.54989048671057,1.90593241293088,1.8801854351758,1.71681409286557,1.60333489075557,1.8418917918543,2.08604702775696,2.08342702826055,2.48247865576743
1379,"other",0,0.552239650630474,0.610296560774168,1.02837069387898,0.909068055721702,1.05782634959718,1.54989048671057,1.90593241293088,1.8801854351758,1.71681409286557,1.60333489075557,1.8418917918543,2.08604702775696,2.08342702826055,2.48247865576743
1380,"other",0,0.552239650630474,0.610296560774168,1.02837069387898,0.909068055721702,1.05782634959718,1.54989048671057,1.90593241293088,1.8801854351758,1.71681409286557,1.60333489075557,1.8418917918543,2.08604702775696,2.08342702826055,2.48247865576743
1381,"other",0,0.552239650630474,0.610296560774168,1.02837069387898,0.909068055721702,1.05782634959718,1.54989048671057,1.90593241293088,1.8801854351758,1.71681409286557,1.60333489075557,1.8418917918543,2.08604702775696,2.08342702826055,2.48247865576743
1382,"other",0,0.552239650630474,0.610296560774168,1.02837069387898,0.909068055721702,1.05782634959718,1.54989048671057,1.90593241293088,1.8801854351758,1.71681409286557,1.60333489075557,1.8418917918543,2.08604702775696,2.08342702826055,2.48247865576743
1383,"4-5 blocks left",0,0.070687751877067,0.181300839158531,0.234980526298014,0.294982143314556,0.342576403008512,0.556051443617639,0.488961370016237,0.373411359391964,0.440863077070244,0.564530331246958,0.811155106195748,0.900647780478786,0.852865355881956,0.740194366812039
1384,"4-5 blocks left",0,0.070687751877067,0.181300839158531,0.234980526298014,0.294982143314556,0.342576403008512,0.556051443617639,0.488961370016237,0.373411359391964,0.440863077070244,0.564530331246958,0.811155106195748,0.900647780478786,0.852865355881956,0.740194366812039
1385,"4-5 blocks left",0,0.070687751877067,0.181300839158531,0.234980526298014,0.294982143314556,0.342576403008512,0.556051443617639,0.488961370016237,0.373411359391964,0.440863077070244,0.564530331246958,0.811155106195748,0.900647780478786,0.852865355881956,0.740194366812039
1386,"4-5 blocks left",0,0.070687751877067,0.181300839158531,0.234980526298014,0.294982143314556,0.342576403008512,0.556051443617639,0.488961370016237,0.373411359391964,0.440863077070244,0.564530331246958,0.811155106195748,0.900647780478786,0.852865355881956,0.740194366812039
1387,"4-5 blocks left",0,0.070687751877067,0.181300839158531,0.234980526298014,0.294982143314556,0.342576403008512,0.556051443617639,0.488961370016237,0.373411359391964,0.440863077070244,0.564530331246958,0.811155106195748,0.900647780478786,0.852865355881956,0.740194366812039
1388,"4-5 blocks left",0,0.070687751877067,0.181300839158531,0.234980526298014,0.294982143314556,0.342576403008512,0.556051443617639,0.488961370016237,0.373411359391964,0.440863077070244,0.564530331246958,0.811155106195748,0.900647780478786,0.852865355881956,0.740194366812039
1389,"4-5 blocks left",0,0.070687751877067,0.181300839158531,0.234980526298014,0.294982143314556,0.342576403008512,0.556051443617639,0.488961370016237,0.373411359391964,0.440863077070244,0.564530331246958,0.811155106195748,0.900647780478786,0.852865355881956,0.740194366812039
1390,"4-5 blocks left",0,0.070687751877067,0.181300839158531,0.234980526298014,0.294982143314556,0.342576403008512,0.556051443617639,0.488961370016237,0.373411359391964,0.440863077070244,0.564530331246958,0.811155106195748,0.900647780478786,0.852865355881956,0.740194366812039
1391,"4-5 blocks left",0,0.070687751877067,0.181300839158531,0.234980526298014,0.294982143314556,0.342576403008512,0.556051443617639,0.488961370016237,0.373411359391964,0.440863077070244,0.564530331246958,0.811155106195748,0.900647780478786,0.852865355881956,0.740194366812039
1392,"4-5 blocks left",0,0.070687751877067,0.181300839158531,0.234980526298014,0.294982143314556,0.342576403008512,0.556051443617639,0.488961370016237,0.373411359391964,0.440863077070244,0.564530331246958,0.811155106195748,0.900647780478786,0.852865355881956,0.740194366812039
1393,"4-5 blocks left",0,0.070687751877067,0.181300839158531,0.234980526298014,0.294982143314556,0.342576403008512,0.556051443617639,0.488961370016237,0.373411359391964,0.440863077070244,0.564530331246958,0.811155106195748,0.900647780478786,0.852865355881956,0.740194366812039
1395,"other",0,0.552239650630474,0.610296560774168,1.02837069387898,0.909068055721702,1.05782634959718,1.54989048671057,1.90593241293088,1.8801854351758,1.71681409286557,1.60333489075557,1.8418917918543,2.08604702775696,2.08342702826055,2.48247865576743
1396,"other",0,0.552239650630474,0.610296560774168,1.02837069387898,0.909068055721702,1.05782634959718,1.54989048671057,1.90593241293088,1.8801854351758,1.71681409286557,1.60333489075557,1.8418917918543,2.08604702775696,2.08342702826055,2.48247865576743
1397,"other",0,0.552239650630474,0.610296560774168,1.02837069387898,0.909068055721702,1.05782634959718,1.54989048671057,1.90593241293088,1.8801854351758,1.71681409286557,1.60333489075557,1.8418917918543,2.08604702775696,2.08342702826055,2.48247865576743
1398,"other",0,0.552239650630474,0.610296560774168,1.02837069387898,0.909068055721702,1.05782634959718,1.54989048671057,1.90593241293088,1.8801854351758,1.71681409286557,1.60333489075557,1.8418917918543,2.08604702775696,2.08342702826055,2.48247865576743
1399,"other",0,0.552239650630474,0.610296560774168,1.02837069387898,0.909068055721702,1.05782634959718,1.54989048671057,1.90593241293088,1.8801854351758,1.71681409286557,1.60333489075557,1.8418917918543,2.08604702775696,2.08342702826055,2.48247865576743
1400,"other",0,0.552239650630474,0.610296560774168,1.02837069387898,0.909068055721702,1.05782634959718,1.54989048671057,1.90593241293088,1.8801854351758,1.71681409286557,1.60333489075557,1.8418917918543,2.08604702775696,2.08342702826055,2.48247865576743
1401,"other",0,0.552239650630474,0.610296560774168,1.02837069387898,0.909068055721702,1.05782634959718,1.54989048671057,1.90593241293088,1.8801854351758,1.71681409286557,1.60333489075557,1.8418917918543,2.08604702775696,2.08342702826055,2.48247865576743
1402,"other",0,0.552239650630474,0.610296560774168,1.02837069387898,0.909068055721702,1.05782634959718,1.54989048671057,1.90593241293088,1.8801854351758,1.71681409286557,1.60333489075557,1.8418917918543,2.08604702775696,2.08342702826055,2.48247865576743
1403,"2-3 blocks left",0,0.0860713960748979,0.204430730485467,0.37059393598805,0.475905674723149,0.597252623990637,0.721164968146011,0.599231803404199,0.515789056486048,0.723726146643805,1.07062471954498,1.33558594430889,1.70063818771022,1.59408025973345,1.38336484220572
1404,"2-3 blocks left",0,0.0860713960748979,0.204430730485467,0.37059393598805,0.475905674723149,0.597252623990637,0.721164968146011,0.599231803404199,0.515789056486048,0.723726146643805,1.07062471954498,1.33558594430889,1.70063818771022,1.59408025973345,1.38336484220572
1405,"2-3 blocks left",0,0.0860713960748979,0.204430730485467,0.37059393598805,0.475905674723149,0.597252623990637,0.721164968146011,0.599231803404199,0.515789056486048,0.723726146643805,1.07062471954498,1.33558594430889,1.70063818771022,1.59408025973345,1.38336484220572
1406,"2-3 blocks left",0,0.0860713960748979,0.204430730485467,0.37059393598805,0.475905674723149,0.597252623990637,0.721164968146011,0.599231803404199,0.515789056486048,0.723726146643805,1.07062471954498,1.33558594430889,1.70063818771022,1.59408025973345,1.38336484220572
1407,"2-3 blocks left",0,0.0860713960748979,0.204430730485467,0.37059393598805,0.475905674723149,0.597252623990637,0.721164968146011,0.599231803404199,0.515789056486048,0.723726146643805,1.07062471954498,1.33558594430889,1.70063818771022,1.59408025973345,1.38336484220572
1408,"2-3 blocks left",0,0.0860713960748979,0.204430730485467,0.37059393598805,0.475905674723149,0.597252623990637,0.721164968146011,0.599231803404199,0.515789056486048,0.723726146643805,1.07062471954498,1.33558594430889,1.70063818771022,1.59408025973345,1.38336484220572
1409,"2-3 blocks left",0,0.0860713960748979,0.204430730485467,0.37059393598805,0.475905674723149,0.597252623990637,0.721164968146011,0.599231803404199,0.515789056486048,0.723726146643805,1.07062471954498,1.33558594430889,1.70063818771022,1.59408025973345,1.38336484220572
1410,"2-3 blocks left",0,0.0860713960748979,0.204430730485467,0.37059393598805,0.475905674723149,0.597252623990637,0.721164968146011,0.599231803404199,0.515789056486048,0.723726146643805,1.07062471954498,1.33558594430889,1.70063818771022,1.59408025973345,1.38336484220572
1411,"2-3 blocks left",0,0.0860713960748979,0.204430730485467,0.37059393598805,0.475905674723149,0.597252623990637,0.721164968146011,0.599231803404199,0.515789056486048,0.723726146643805,1.07062471954498,1.33558594430889,1.70063818771022,1.59408025973345,1.38336484220572
1412,"2-3 blocks left",0,0.0860713960748979,0.204430730485467,0.37059393598805,0.475905674723149,0.597252623990637,0.721164968146011,0.599231803404199,0.515789056486048,0.723726146643805,1.07062471954498,1.33558594430889,1.70063818771022,1.59408025973345,1.38336484220572
1413,"2-3 blocks left",0,0.0860713960748979,0.204430730485467,0.37059393598805,0.475905674723149,0.597252623990637,0.721164968146011,0.599231803404199,0.515789056486048,0.723726146643805,1.07062471954498,1.33558594430889,1.70063818771022,1.59408025973345,1.38336484220572
1415,"other",0,0.552239650630474,0.610296560774168,1.02837069387898,0.909068055721702,1.05782634959718,1.54989048671057,1.90593241293088,1.8801854351758,1.71681409286557,1.60333489075557,1.8418917918543,2.08604702775696,2.08342702826055,2.48247865576743
1416,"other",0,0.552239650630474,0.610296560774168,1.02837069387898,0.909068055721702,1.05782634959718,1.54989048671057,1.90593241293088,1.8801854351758,1.71681409286557,1.60333489075557,1.8418917918543,2.08604702775696,2.08342702826055,2.48247865576743
1417,"other",0,0.552239650630474,0.610296560774168,1.02837069387898,0.909068055721702,1.05782634959718,1.54989048671057,1.90593241293088,1.8801854351758,1.71681409286557,1.60333489075557,1.8418917918543,2.08604702775696,2.08342702826055,2.48247865576743
1418,"other",0,0.552239650630474,0.610296560774168,1.02837069387898,0.909068055721702,1.05782634959718,1.54989048671057,1.90593241293088,1.8801854351758,1.71681409286557,1.60333489075557,1.8418917918543,2.08604702775696,2.08342702826055,2.48247865576743
1419,"other",0,0.552239650630474,0.610296560774168,1.02837069387898,0.909068055721702,1.05782634959718,1.54989048671057,1.90593241293088,1.8801854351758,1.71681409286557,1.60333489075557,1.8418917918543,2.08604702775696,2.08342702826055,2.48247865576743
1420,"other",0,0.552239650630474,0.610296560774168,1.02837069387898,0.909068055721702,1.05782634959718,1.54989048671057,1.90593241293088,1.8801854351758,1.71681409286557,1.60333489075557,1.8418917918543,2.08604702775696,2.08342702826055,2.48247865576743
1421,"other",0,0.552239650630474,0.610296560774168,1.02837069387898,0.909068055721702,1.05782634959718,1.54989048671057,1.90593241293088,1.8801854351758,1.71681409286557,1.60333489075557,1.8418917918543,2.08604702775696,2.08342702826055,2.48247865576743
1422,"other",0,0.552239650630474,0.610296560774168,1.02837069387898,0.909068055721702,1.05782634959718,1.54989048671057,1.90593241293088,1.8801854351758,1.71681409286557,1.60333489075557,1.8418917918543,2.08604702775696,2.08342702826055,2.48247865576743
1423,"1 block",0,0.222498386314012,0.309295924980709,0.397431881420211,0.701695041799392,0.778684869434621,0.687171721840879,0.848349185489981,0.598725776870372,0.853918932285828,1.17892289760328,1.25185562805193,1.39849446578916,1.30442740936964,1.62796202022605
1424,"1 block",0,0.222498386314012,0.309295924980709,0.397431881420211,0.701695041799392,0.778684869434621,0.687171721840879,0.848349185489981,0.598725776870372,0.853918932285828,1.17892289760328,1.25185562805193,1.39849446578916,1.30442740936964,1.62796202022605
1425,"1 block",0,0.222498386314012,0.309295924980709,0.397431881420211,0.701695041799392,0.778684869434621,0.687171721840879,0.848349185489981,0.598725776870372,0.853918932285828,1.17892289760328,1.25185562805193,1.39849446578916,1.30442740936964,1.62796202022605
1426,"1 block",0,0.222498386314012,0.309295924980709,0.397431881420211,0.701695041799392,0.778684869434621,0.687171721840879,0.848349185489981,0.598725776870372,0.853918932285828,1.17892289760328,1.25185562805193,1.39849446578916,1.30442740936964,1.62796202022605
1427,"1 block",0,0.222498386314012,0.309295924980709,0.397431881420211,0.701695041799392,0.778684869434621,0.687171721840879,0.848349185489981,0.598725776870372,0.853918932285828,1.17892289760328,1.25185562805193,1.39849446578916,1.30442740936964,1.62796202022605
1428,"1 block",0,0.222498386314012,0.309295924980709,0.397431881420211,0.701695041799392,0.778684869434621,0.687171721840879,0.848349185489981,0.598725776870372,0.853918932285828,1.17892289760328,1.25185562805193,1.39849446578916,1.30442740936964,1.62796202022605
1429,"1 block",0,0.222498386314012,0.309295924980709,0.397431881420211,0.701695041799392,0.778684869434621,0.687171721840879,0.848349185489981,0.598725776870372,0.853918932285828,1.17892289760328,1.25185562805193,1.39849446578916,1.30442740936964,1.62796202022605
1430,"1 block",0,0.222498386314012,0.309295924980709,0.397431881420211,0.701695041799392,0.778684869434621,0.687171721840879,0.848349185489981,0.598725776870372,0.853918932285828,1.17892289760328,1.25185562805193,1.39849446578916,1.30442740936964,1.62796202022605
1431,"1 block",0,0.222498386314012,0.309295924980709,0.397431881420211,0.701695041799392,0.778684869434621,0.687171721840879,0.848349185489981,0.598725776870372,0.853918932285828,1.17892289760328,1.25185562805193,1.39849446578916,1.30442740936964,1.62796202022605
1432,"1 block",0,0.222498386314012,0.309295924980709,0.397431881420211,0.701695041799392,0.778684869434621,0.687171721840879,0.848349185489981,0.598725776870372,0.853918932285828,1.17892289760328,1.25185562805193,1.39849446578916,1.30442740936964,1.62796202022605
1433,"1 block",0,0.222498386314012,0.309295924980709,0.397431881420211,0.701695041799392,0.778684869434621,0.687171721840879,0.848349185489981,0.598725776870372,0.853918932285828,1.17892289760328,1.25185562805193,1.39849446578916,1.30442740936964,1.62796202022605
1435,"other",0,0.552239650630474,0.610296560774168,1.02837069387898,0.909068055721702,1.05782634959718,1.54989048671057,1.90593241293088,1.8801854351758,1.71681409286557,1.60333489075557,1.8418917918543,2.08604702775696,2.08342702826055,2.48247865576743
1436,"other",0,0.552239650630474,0.610296560774168,1.02837069387898,0.909068055721702,1.05782634959718,1.54989048671057,1.90593241293088,1.8801854351758,1.71681409286557,1.60333489075557,1.8418917918543,2.08604702775696,2.08342702826055,2.48247865576743
1437,"other",0,0.552239650630474,0.610296560774168,1.02837069387898,0.909068055721702,1.05782634959718,1.54989048671057,1.90593241293088,1.8801854351758,1.71681409286557,1.60333489075557,1.8418917918543,2.08604702775696,2.08342702826055,2.48247865576743
1438,"other",0,0.552239650630474,0.610296560774168,1.02837069387898,0.909068055721702,1.05782634959718,1.54989048671057,1.90593241293088,1.8801854351758,1.71681409286557,1.60333489075557,1.8418917918543,2.08604702775696,2.08342702826055,2.48247865576743
1439,"other",0,0.552239650630474,0.610296560774168,1.02837069387898,0.909068055721702,1.05782634959718,1.54989048671057,1.90593241293088,1.8801854351758,1.71681409286557,1.60333489075557,1.8418917918543,2.08604702775696,2.08342702826055,2.48247865576743
1440,"other",0,0.552239650630474,0.610296560774168,1.02837069387898,0.909068055721702,1.05782634959718,1.54989048671057,1.90593241293088,1.8801854351758,1.71681409286557,1.60333489075557,1.8418917918543,2.08604702775696,2.08342702826055,2.48247865576743
1441,"other",0,0.552239650630474,0.610296560774168,1.02837069387898,0.909068055721702,1.05782634959718,1.54989048671057,1.90593241293088,1.8801854351758,1.71681409286557,1.60333489075557,1.8418917918543,2.08604702775696,2.08342702826055,2.48247865576743
1442,"other",0,0.552239650630474,0.610296560774168,1.02837069387898,0.909068055721702,1.05782634959718,1.54989048671057,1.90593241293088,1.8801854351758,1.71681409286557,1.60333489075557,1.8418917918543,2.08604702775696,2.08342702826055,2.48247865576743
1443,"1 block",0,0.222498386314012,0.309295924980709,0.397431881420211,0.701695041799392,0.778684869434621,0.687171721840879,0.848349185489981,0.598725776870372,0.853918932285828,1.17892289760328,1.25185562805193,1.39849446578916,1.30442740936964,1.62796202022605
1444,"1 block",0,0.222498386314012,0.309295924980709,0.397431881420211,0.701695041799392,0.778684869434621,0.687171721840879,0.848349185489981,0.598725776870372,0.853918932285828,1.17892289760328,1.25185562805193,1.39849446578916,1.30442740936964,1.62796202022605
1445,"1 block",0,0.222498386314012,0.309295924980709,0.397431881420211,0.701695041799392,0.778684869434621,0.687171721840879,0.848349185489981,0.598725776870372,0.853918932285828,1.17892289760328,1.25185562805193,1.39849446578916,1.30442740936964,1.62796202022605
1446,"1 block",0,0.222498386314012,0.309295924980709,0.397431881420211,0.701695041799392,0.778684869434621,0.687171721840879,0.848349185489981,0.598725776870372,0.853918932285828,1.17892289760328,1.25185562805193,1.39849446578916,1.30442740936964,1.62796202022605
1447,"1 block",0,0.222498386314012,0.309295924980709,0.397431881420211,0.701695041799392,0.778684869434621,0.687171721840879,0.848349185489981,0.598725776870372,0.853918932285828,1.17892289760328,1.25185562805193,1.39849446578916,1.30442740936964,1.62796202022605
1448,"1 block",0,0.222498386314012,0.309295924980709,0.397431881420211,0.701695041799392,0.778684869434621,0.687171721840879,0.848349185489981,0.598725776870372,0.853918932285828,1.17892289760328,1.25185562805193,1.39849446578916,1.30442740936964,1.62796202022605
1449,"1 block",0,0.222498386314012,0.309295924980709,0.397431881420211,0.701695041799392,0.778684869434621,0.687171721840879,0.848349185489981,0.598725776870372,0.853918932285828,1.17892289760328,1.25185562805193,1.39849446578916,1.30442740936964,1.62796202022605
1450,"1 block",0,0.222498386314012,0.309295924980709,0.397431881420211,0.701695041799392,0.778684869434621,0.687171721840879,0.848349185489981,0.598725776870372,0.853918932285828,1.17892289760328,1.25185562805193,1.39849446578916,1.30442740936964,1.62796202022605
1451,"1 block",0,0.222498386314012,0.309295924980709,0.397431881420211,0.701695041799392,0.778684869434621,0.687171721840879,0.848349185489981,0.598725776870372,0.853918932285828,1.17892289760328,1.25185562805193,1.39849446578916,1.30442740936964,1.62796202022605
1452,"1 block",0,0.222498386314012,0.309295924980709,0.397431881420211,0.701695041799392,0.778684869434621,0.687171721840879,0.848349185489981,0.598725776870372,0.853918932285828,1.17892289760328,1.25185562805193,1.39849446578916,1.30442740936964,1.62796202022605
1453,"1 block",0,0.222498386314012,0.309295924980709,0.397431881420211,0.701695041799392,0.778684869434621,0.687171721840879,0.848349185489981,0.598725776870372,0.853918932285828,1.17892289760328,1.25185562805193,1.39849446578916,1.30442740936964,1.62796202022605
1455,"other",NA,NA,NA,NA,0.909068055721702,1.05782634959718,1.54989048671057,1.90593241293088,1.8801854351758,1.71681409286557,1.60333489075557,1.8418917918543,2.08604702775696,2.08342702826055,2.48247865576743
1456,"other",0,0.552239650630474,0.610296560774168,1.02837069387898,0.909068055721702,1.05782634959718,1.54989048671057,1.90593241293088,1.8801854351758,1.71681409286557,1.60333489075557,1.8418917918543,2.08604702775696,2.08342702826055,2.48247865576743
1457,"other",0,0.552239650630474,0.610296560774168,1.02837069387898,0.909068055721702,1.05782634959718,1.54989048671057,1.90593241293088,1.8801854351758,1.71681409286557,1.60333489075557,1.8418917918543,2.08604702775696,2.08342702826055,2.48247865576743
1458,"other",0,0.552239650630474,0.610296560774168,1.02837069387898,0.909068055721702,1.05782634959718,1.54989048671057,1.90593241293088,1.8801854351758,1.71681409286557,1.60333489075557,1.8418917918543,2.08604702775696,2.08342702826055,2.48247865576743
1459,"other",0,NA,NA,1.02837069387898,0.909068055721702,1.05782634959718,1.54989048671057,1.90593241293088,1.8801854351758,1.71681409286557,1.60333489075557,1.8418917918543,2.08604702775696,2.08342702826055,2.48247865576743
1460,"other",0,0.552239650630474,0.610296560774168,1.02837069387898,0.909068055721702,1.05782634959718,1.54989048671057,1.90593241293088,1.8801854351758,1.71681409286557,1.60333489075557,1.8418917918543,2.08604702775696,2.08342702826055,2.48247865576743
1461,"other",0,0.552239650630474,0.610296560774168,1.02837069387898,0.909068055721702,1.05782634959718,1.54989048671057,1.90593241293088,1.8801854351758,1.71681409286557,1.60333489075557,1.8418917918543,2.08604702775696,2.08342702826055,2.48247865576743
1462,"other",0,0.552239650630474,0.610296560774168,1.02837069387898,0.909068055721702,1.05782634959718,1.54989048671057,1.90593241293088,1.8801854351758,1.71681409286557,1.60333489075557,1.8418917918543,2.08604702775696,2.08342702826055,2.48247865576743
1463,"2 blocks right",0,0.111528399787671,0.297277281400044,1.15887755892871,0.987480940202168,0.915574495410812,0.848288496953459,0.604746869498788,0.499137402523592,0.28522273520739,0.72283612891797,1.00332283005429,0.912680985964873,0.450371183519521,0.644390569930212
1464,"2 blocks right",0,0.111528399787671,0.297277281400044,1.15887755892871,0.987480940202168,0.915574495410812,0.848288496953459,0.604746869498788,0.499137402523592,0.28522273520739,0.72283612891797,1.00332283005429,0.912680985964873,0.450371183519521,0.644390569930212
1465,"2 blocks right",0,0.111528399787671,0.297277281400044,1.15887755892871,0.987480940202168,0.915574495410812,0.848288496953459,0.604746869498788,0.499137402523592,0.28522273520739,0.72283612891797,1.00332283005429,0.912680985964873,0.450371183519521,0.644390569930212
1466,"2 blocks right",0,0.111528399787671,0.297277281400044,1.15887755892871,0.987480940202168,0.915574495410812,0.848288496953459,0.604746869498788,0.499137402523592,0.28522273520739,0.72283612891797,1.00332283005429,0.912680985964873,0.450371183519521,0.644390569930212
1467,"2 blocks right",0,0.111528399787671,0.297277281400044,1.15887755892871,0.987480940202168,0.915574495410812,0.848288496953459,0.604746869498788,0.499137402523592,0.28522273520739,0.72283612891797,1.00332283005429,0.912680985964873,0.450371183519521,0.644390569930212
1468,"2 blocks right",0,0.111528399787671,0.297277281400044,1.15887755892871,0.987480940202168,0.915574495410812,0.848288496953459,0.604746869498788,0.499137402523592,0.28522273520739,0.72283612891797,1.00332283005429,0.912680985964873,0.450371183519521,0.644390569930212
1469,"2 blocks right",0,0.111528399787671,0.297277281400044,1.15887755892871,0.987480940202168,0.915574495410812,0.848288496953459,0.604746869498788,0.499137402523592,0.28522273520739,0.72283612891797,1.00332283005429,0.912680985964873,0.450371183519521,0.644390569930212
1470,"2 blocks right",0,0.111528399787671,0.297277281400044,1.15887755892871,0.987480940202168,0.915574495410812,0.848288496953459,0.604746869498788,0.499137402523592,0.28522273520739,0.72283612891797,1.00332283005429,0.912680985964873,0.450371183519521,0.644390569930212
1471,"2 blocks right",0,0.111528399787671,0.297277281400044,1.15887755892871,0.987480940202168,0.915574495410812,0.848288496953459,0.604746869498788,0.499137402523592,0.28522273520739,0.72283612891797,1.00332283005429,0.912680985964873,0.450371183519521,0.644390569930212
1472,"2 blocks right",0,0.111528399787671,0.297277281400044,1.15887755892871,0.987480940202168,0.915574495410812,0.848288496953459,0.604746869498788,0.499137402523592,0.28522273520739,0.72283612891797,1.00332283005429,0.912680985964873,0.450371183519521,0.644390569930212
1473,"2 blocks right",0,0.111528399787671,0.297277281400044,1.15887755892871,0.987480940202168,0.915574495410812,0.848288496953459,0.604746869498788,0.499137402523592,0.28522273520739,0.72283612891797,1.00332283005429,0.912680985964873,0.450371183519521,0.644390569930212
1474,"other",0,0.552239650630474,0.610296560774168,NA,0.909068055721702,1.05782634959718,1.54989048671057,1.90593241293088,1.8801854351758,1.71681409286557,1.60333489075557,1.8418917918543,2.08604702775696,2.08342702826055,2.48247865576743
1475,"other",0,0.552239650630474,0.610296560774168,1.02837069387898,NA,1.05782634959718,NA,1.90593241293088,1.8801854351758,1.71681409286557,1.60333489075557,1.8418917918543,2.08604702775696,2.08342702826055,NA
1480,"3-4 blocks right",0,0.091752773180572,0.208526327357603,0.283103295667132,0.350087254948003,0.335539459476254,0.873452978110503,0.841740539575785,0.73540214419406,0.588979270632731,0.444058097032575,0.438458694840106,0.675163847850881,0.702037776352155,1.00781526045015
1482,"3-4 blocks right",0,0.091752773180572,0.208526327357603,0.283103295667132,0.350087254948003,0.335539459476254,0.873452978110503,0.841740539575785,0.73540214419406,0.588979270632731,0.444058097032575,0.438458694840106,0.675163847850881,0.702037776352155,1.00781526045015
1483,"3-4 blocks right",0,0.091752773180572,0.208526327357603,0.283103295667132,0.350087254948003,0.335539459476254,0.873452978110503,0.841740539575785,0.73540214419406,0.588979270632731,0.444058097032575,0.438458694840106,0.675163847850881,0.702037776352155,1.00781526045015
1484,"3-4 blocks right",0,0.091752773180572,0.208526327357603,0.283103295667132,0.350087254948003,0.335539459476254,0.873452978110503,0.841740539575785,0.73540214419406,0.588979270632731,0.444058097032575,0.438458694840106,0.675163847850881,0.702037776352155,1.00781526045015
1485,"3-4 blocks right",0,0.091752773180572,0.208526327357603,0.283103295667132,0.350087254948003,0.335539459476254,0.873452978110503,0.841740539575785,0.73540214419406,0.588979270632731,0.444058097032575,0.438458694840106,0.675163847850881,0.702037776352155,1.00781526045015
1486,"3-4 blocks right",NA,0.091752773180572,0.208526327357603,0.283103295667132,0.350087254948003,0.335539459476254,0.873452978110503,0.841740539575785,0.73540214419406,0.588979270632731,0.444058097032575,0.438458694840106,0.675163847850881,0.702037776352155,1.00781526045015
1487,"3-4 blocks right",0,0.091752773180572,0.208526327357603,0.283103295667132,0.350087254948003,0.335539459476254,0.873452978110503,0.841740539575785,0.73540214419406,0.588979270632731,0.444058097032575,0.438458694840106,0.675163847850881,0.702037776352155,1.00781526045015
1488,"3-4 blocks right",0,NA,0.208526327357603,0.283103295667132,NA,NA,0.873452978110503,0.841740539575785,0.73540214419406,0.588979270632731,0.444058097032575,0.438458694840106,0.675163847850881,0.702037776352155,1.00781526045015
1489,"3-4 blocks right",0,0.091752773180572,0.208526327357603,0.283103295667132,0.350087254948003,0.335539459476254,0.873452978110503,0.841740539575785,0.73540214419406,0.588979270632731,0.444058097032575,0.438458694840106,0.675163847850881,0.702037776352155,1.00781526045015
1490,"3-4 blocks right",0,0.091752773180572,0.208526327357603,0.283103295667132,0.350087254948003,0.335539459476254,0.873452978110503,0.841740539575785,0.73540214419406,0.588979270632731,0.444058097032575,0.438458694840106,0.675163847850881,NA,1.00781526045015
1491,"4-5 blocks left",0,0.070687751877067,0.181300839158531,0.234980526298014,0.294982143314556,0.342576403008512,0.556051443617639,0.488961370016237,0.373411359391964,0.440863077070244,0.564530331246958,0.811155106195748,0.900647780478786,0.852865355881956,0.740194366812039
1492,"4-5 blocks left",0,0.070687751877067,0.181300839158531,0.234980526298014,0.294982143314556,0.342576403008512,0.556051443617639,0.488961370016237,0.373411359391964,0.440863077070244,0.564530331246958,0.811155106195748,0.900647780478786,0.852865355881956,0.740194366812039
1493,"4-5 blocks left",0,0.070687751877067,0.181300839158531,0.234980526298014,0.294982143314556,0.342576403008512,0.556051443617639,0.488961370016237,0.373411359391964,0.440863077070244,0.564530331246958,0.811155106195748,0.900647780478786,0.852865355881956,0.740194366812039
1494,"4-5 blocks left",0,0.070687751877067,0.181300839158531,0.234980526298014,0.294982143314556,0.342576403008512,0.556051443617639,0.488961370016237,0.373411359391964,0.440863077070244,0.564530331246958,0.811155106195748,0.900647780478786,0.852865355881956,0.740194366812039
1495,"4-5 blocks left",0,0.070687751877067,0.181300839158531,0.234980526298014,0.294982143314556,0.342576403008512,0.556051443617639,0.488961370016237,0.373411359391964,0.440863077070244,0.564530331246958,0.811155106195748,0.900647780478786,0.852865355881956,0.740194366812039
1496,"4-5 blocks left",0,0.070687751877067,0.181300839158531,0.234980526298014,0.294982143314556,0.342576403008512,0.556051443617639,0.488961370016237,0.373411359391964,0.440863077070244,0.564530331246958,0.811155106195748,0.900647780478786,0.852865355881956,0.740194366812039
1497,"4-5 blocks left",0,0.070687751877067,0.181300839158531,0.234980526298014,0.294982143314556,0.342576403008512,0.556051443617639,0.488961370016237,0.373411359391964,0.440863077070244,0.564530331246958,0.811155106195748,0.900647780478786,0.852865355881956,0.740194366812039
1498,"4-5 blocks left",0,0.070687751877067,0.181300839158531,0.234980526298014,0.294982143314556,0.342576403008512,0.556051443617639,0.488961370016237,0.373411359391964,0.440863077070244,0.564530331246958,0.811155106195748,0.900647780478786,0.852865355881956,0.740194366812039
1499,"4-5 blocks left",0,0.070687751877067,0.181300839158531,0.234980526298014,0.294982143314556,0.342576403008512,0.556051443617639,0.488961370016237,0.373411359391964,0.440863077070244,0.564530331246958,0.811155106195748,0.900647780478786,0.852865355881956,0.740194366812039
1500,"4-5 blocks left",0,0.070687751877067,0.181300839158531,0.234980526298014,0.294982143314556,0.342576403008512,0.556051443617639,0.488961370016237,0.373411359391964,0.440863077070244,0.564530331246958,0.811155106195748,0.900647780478786,0.852865355881956,0.740194366812039
1501,"4-5 blocks left",0,0.070687751877067,0.181300839158531,0.234980526298014,0.294982143314556,0.342576403008512,0.556051443617639,0.488961370016237,0.373411359391964,0.440863077070244,0.564530331246958,0.811155106195748,0.900647780478786,0.852865355881956,0.740194366812039
1502,"4-5 blocks left",0,0.070687751877067,0.181300839158531,0.234980526298014,0.294982143314556,0.342576403008512,0.556051443617639,0.488961370016237,0.373411359391964,0.440863077070244,0.564530331246958,0.811155106195748,0.900647780478786,0.852865355881956,0.740194366812039
1503,"4-5 blocks left",0,0.070687751877067,0.181300839158531,0.234980526298014,0.294982143314556,0.342576403008512,0.556051443617639,0.488961370016237,0.373411359391964,0.440863077070244,0.564530331246958,0.811155106195748,0.900647780478786,0.852865355881956,0.740194366812039
1504,"4-5 blocks left",0,0.070687751877067,0.181300839158531,0.234980526298014,0.294982143314556,0.342576403008512,0.556051443617639,0.488961370016237,0.373411359391964,0.440863077070244,0.564530331246958,0.811155106195748,0.900647780478786,0.852865355881956,0.740194366812039
1505,"4-5 blocks left",0,0.070687751877067,0.181300839158531,0.234980526298014,0.294982143314556,0.342576403008512,0.556051443617639,0.488961370016237,0.373411359391964,0.440863077070244,0.564530331246958,0.811155106195748,0.900647780478786,0.852865355881956,0.740194366812039
1506,"4-5 blocks left",0,0.070687751877067,0.181300839158531,0.234980526298014,0.294982143314556,0.342576403008512,0.556051443617639,0.488961370016237,0.373411359391964,0.440863077070244,0.564530331246958,0.811155106195748,0.900647780478786,0.852865355881956,0.740194366812039
1507,"4-5 blocks left",0,0.070687751877067,0.181300839158531,0.234980526298014,0.294982143314556,0.342576403008512,0.556051443617639,0.488961370016237,0.373411359391964,0.440863077070244,0.564530331246958,0.811155106195748,0.900647780478786,0.852865355881956,0.740194366812039
1508,"2-3 blocks left",0,0.0860713960748979,0.204430730485467,0.37059393598805,0.475905674723149,0.597252623990637,0.721164968146011,0.599231803404199,0.515789056486048,0.723726146643805,1.07062471954498,1.33558594430889,1.70063818771022,1.59408025973345,1.38336484220572
1509,"2-3 blocks left",0,0.0860713960748979,0.204430730485467,0.37059393598805,0.475905674723149,0.597252623990637,0.721164968146011,0.599231803404199,0.515789056486048,0.723726146643805,1.07062471954498,1.33558594430889,1.70063818771022,1.59408025973345,1.38336484220572
1510,"2-3 blocks left",0,0.0860713960748979,0.204430730485467,0.37059393598805,0.475905674723149,0.597252623990637,0.721164968146011,0.599231803404199,0.515789056486048,0.723726146643805,1.07062471954498,1.33558594430889,1.70063818771022,1.59408025973345,1.38336484220572
1511,"2-3 blocks left",0,0.0860713960748979,0.204430730485467,0.37059393598805,0.475905674723149,0.597252623990637,0.721164968146011,0.599231803404199,0.515789056486048,0.723726146643805,1.07062471954498,1.33558594430889,1.70063818771022,1.59408025973345,1.38336484220572
1512,"2-3 blocks left",0,0.0860713960748979,0.204430730485467,0.37059393598805,0.475905674723149,0.597252623990637,0.721164968146011,0.599231803404199,0.515789056486048,0.723726146643805,1.07062471954498,1.33558594430889,1.70063818771022,1.59408025973345,1.38336484220572
1513,"2-3 blocks left",0,0.0860713960748979,0.204430730485467,0.37059393598805,0.475905674723149,0.597252623990637,0.721164968146011,0.599231803404199,0.515789056486048,0.723726146643805,1.07062471954498,1.33558594430889,1.70063818771022,1.59408025973345,1.38336484220572
1514,"2-3 blocks left",0,0.0860713960748979,0.204430730485467,0.37059393598805,0.475905674723149,0.597252623990637,0.721164968146011,0.599231803404199,0.515789056486048,0.723726146643805,1.07062471954498,1.33558594430889,1.70063818771022,1.59408025973345,1.38336484220572
1515,"2-3 blocks left",0,0.0860713960748979,0.204430730485467,0.37059393598805,0.475905674723149,0.597252623990637,0.721164968146011,0.599231803404199,0.515789056486048,0.723726146643805,1.07062471954498,1.33558594430889,1.70063818771022,1.59408025973345,1.38336484220572
1516,"2-3 blocks left",0,0.0860713960748979,0.204430730485467,0.37059393598805,0.475905674723149,0.597252623990637,0.721164968146011,0.599231803404199,0.515789056486048,0.723726146643805,1.07062471954498,1.33558594430889,1.70063818771022,1.59408025973345,1.38336484220572
1517,"2-3 blocks left",0,0.0860713960748979,0.204430730485467,0.37059393598805,0.475905674723149,0.597252623990637,0.721164968146011,0.599231803404199,0.515789056486048,0.723726146643805,1.07062471954498,1.33558594430889,1.70063818771022,1.59408025973345,1.38336484220572
1518,"2-3 blocks left",0,0.0860713960748979,0.204430730485467,0.37059393598805,0.475905674723149,0.597252623990637,0.721164968146011,0.599231803404199,0.515789056486048,0.723726146643805,1.07062471954498,1.33558594430889,1.70063818771022,1.59408025973345,1.38336484220572
1519,"2-3 blocks left",0,0.0860713960748979,0.204430730485467,0.37059393598805,0.475905674723149,0.597252623990637,0.721164968146011,0.599231803404199,0.515789056486048,0.723726146643805,1.07062471954498,1.33558594430889,1.70063818771022,1.59408025973345,1.38336484220572
1520,"2-3 blocks left",0,0.0860713960748979,0.204430730485467,0.37059393598805,0.475905674723149,0.597252623990637,0.721164968146011,0.599231803404199,0.515789056486048,0.723726146643805,1.07062471954498,1.33558594430889,1.70063818771022,1.59408025973345,1.38336484220572
1521,"2-3 blocks left",0,0.0860713960748979,0.204430730485467,0.37059393598805,0.475905674723149,0.597252623990637,0.721164968146011,0.599231803404199,0.515789056486048,0.723726146643805,1.07062471954498,1.33558594430889,1.70063818771022,1.59408025973345,1.38336484220572
1522,"2-3 blocks left",0,0.0860713960748979,0.204430730485467,0.37059393598805,0.475905674723149,0.597252623990637,0.721164968146011,0.599231803404199,0.515789056486048,0.723726146643805,1.07062471954498,1.33558594430889,1.70063818771022,1.59408025973345,1.38336484220572
1523,"2-3 blocks left",0,0.0860713960748979,0.204430730485467,0.37059393598805,0.475905674723149,0.597252623990637,0.721164968146011,0.599231803404199,0.515789056486048,0.723726146643805,1.07062471954498,1.33558594430889,1.70063818771022,1.59408025973345,1.38336484220572
1524,"2-3 blocks left",0,0.0860713960748979,0.204430730485467,0.37059393598805,0.475905674723149,0.597252623990637,0.721164968146011,0.599231803404199,0.515789056486048,0.723726146643805,1.07062471954498,1.33558594430889,1.70063818771022,1.59408025973345,1.38336484220572
1525,"1 block",0,0.222498386314012,0.309295924980709,0.397431881420211,0.701695041799392,0.778684869434621,0.687171721840879,0.848349185489981,0.598725776870372,0.853918932285828,1.17892289760328,1.25185562805193,1.39849446578916,1.30442740936964,1.62796202022605
1526,"1 block",0,0.222498386314012,0.309295924980709,0.397431881420211,0.701695041799392,0.778684869434621,0.687171721840879,0.848349185489981,0.598725776870372,0.853918932285828,1.17892289760328,1.25185562805193,1.39849446578916,1.30442740936964,1.62796202022605
1527,"1 block",0,0.222498386314012,0.309295924980709,0.397431881420211,0.701695041799392,0.778684869434621,0.687171721840879,0.848349185489981,0.598725776870372,0.853918932285828,1.17892289760328,1.25185562805193,1.39849446578916,1.30442740936964,1.62796202022605
1528,"1 block",0,0.222498386314012,0.309295924980709,0.397431881420211,0.701695041799392,0.778684869434621,0.687171721840879,0.848349185489981,0.598725776870372,0.853918932285828,1.17892289760328,1.25185562805193,1.39849446578916,1.30442740936964,1.62796202022605
1529,"1 block",0,0.222498386314012,0.309295924980709,0.397431881420211,0.701695041799392,0.778684869434621,0.687171721840879,0.848349185489981,0.598725776870372,0.853918932285828,1.17892289760328,1.25185562805193,1.39849446578916,1.30442740936964,1.62796202022605
1530,"1 block",0,0.222498386314012,0.309295924980709,0.397431881420211,0.701695041799392,0.778684869434621,0.687171721840879,0.848349185489981,0.598725776870372,0.853918932285828,1.17892289760328,1.25185562805193,1.39849446578916,1.30442740936964,1.62796202022605
1531,"1 block",0,0.222498386314012,0.309295924980709,0.397431881420211,0.701695041799392,0.778684869434621,0.687171721840879,0.848349185489981,0.598725776870372,0.853918932285828,1.17892289760328,1.25185562805193,1.39849446578916,1.30442740936964,1.62796202022605
1532,"1 block",0,0.222498386314012,0.309295924980709,0.397431881420211,0.701695041799392,0.778684869434621,0.687171721840879,0.848349185489981,0.598725776870372,0.853918932285828,1.17892289760328,1.25185562805193,1.39849446578916,1.30442740936964,1.62796202022605
1533,"1 block",0,0.222498386314012,0.309295924980709,0.397431881420211,0.701695041799392,0.778684869434621,0.687171721840879,0.848349185489981,0.598725776870372,0.853918932285828,1.17892289760328,1.25185562805193,1.39849446578916,1.30442740936964,1.62796202022605
1534,"1 block",0,0.222498386314012,0.309295924980709,0.397431881420211,0.701695041799392,0.778684869434621,0.687171721840879,0.848349185489981,0.598725776870372,0.853918932285828,1.17892289760328,1.25185562805193,1.39849446578916,1.30442740936964,1.62796202022605
1535,"1 block",0,0.222498386314012,0.309295924980709,0.397431881420211,0.701695041799392,0.778684869434621,0.687171721840879,0.848349185489981,0.598725776870372,0.853918932285828,1.17892289760328,1.25185562805193,1.39849446578916,1.30442740936964,1.62796202022605
1536,"1 block",0,0.222498386314012,0.309295924980709,0.397431881420211,0.701695041799392,0.778684869434621,0.687171721840879,0.848349185489981,NA,0.853918932285828,1.17892289760328,1.25185562805193,1.39849446578916,1.30442740936964,1.62796202022605
1537,"1 block",NA,0.222498386314012,0.309295924980709,0.397431881420211,0.701695041799392,0.778684869434621,0.687171721840879,0.848349185489981,0.598725776870372,0.853918932285828,1.17892289760328,1.25185562805193,1.39849446578916,1.30442740936964,1.62796202022605
1538,"1 block",0,0.222498386314012,0.309295924980709,NA,0.701695041799392,0.778684869434621,0.687171721840879,0.848349185489981,0.598725776870372,0.853918932285828,1.17892289760328,1.25185562805193,1.39849446578916,1.30442740936964,1.62796202022605
1539,"1 block",0,0.222498386314012,0.309295924980709,0.397431881420211,0.701695041799392,0.778684869434621,0.687171721840879,0.848349185489981,0.598725776870372,0.853918932285828,1.17892289760328,1.25185562805193,1.39849446578916,1.30442740936964,1.62796202022605
1540,"1 block",0,0.222498386314012,0.309295924980709,0.397431881420211,0.701695041799392,0.778684869434621,0.687171721840879,0.848349185489981,0.598725776870372,0.853918932285828,1.17892289760328,1.25185562805193,1.39849446578916,1.30442740936964,1.62796202022605
1541,"1 block",NA,0.222498386314012,0.309295924980709,NA,0.701695041799392,0.778684869434621,0.687171721840879,0.848349185489981,0.598725776870372,0.853918932285828,1.17892289760328,1.25185562805193,1.39849446578916,1.30442740936964,1.62796202022605
1542,"1 block",0,0.222498386314012,0.309295924980709,0.397431881420211,0.701695041799392,0.778684869434621,0.687171721840879,0.848349185489981,0.598725776870372,0.853918932285828,1.17892289760328,1.25185562805193,1.39849446578916,1.30442740936964,1.62796202022605
1543,"1 block",0,0.222498386314012,0.309295924980709,0.397431881420211,0.701695041799392,0.778684869434621,0.687171721840879,0.848349185489981,0.598725776870372,0.853918932285828,1.17892289760328,1.25185562805193,1.39849446578916,1.30442740936964,1.62796202022605
1544,"1 block",0,0.222498386314012,0.309295924980709,0.397431881420211,0.701695041799392,0.778684869434621,0.687171721840879,0.848349185489981,0.598725776870372,0.853918932285828,1.17892289760328,1.25185562805193,1.39849446578916,1.30442740936964,1.62796202022605
1545,"1 block",0,0.222498386314012,0.309295924980709,0.397431881420211,0.701695041799392,0.778684869434621,0.687171721840879,0.848349185489981,0.598725776870372,0.853918932285828,1.17892289760328,1.25185562805193,1.39849446578916,1.30442740936964,1.62796202022605
1546,"1 block",0,0.222498386314012,0.309295924980709,0.397431881420211,0.701695041799392,0.778684869434621,0.687171721840879,0.848349185489981,0.598725776870372,0.853918932285828,1.17892289760328,1.25185562805193,1.39849446578916,1.30442740936964,1.62796202022605
1547,"1 block",0,0.222498386314012,0.309295924980709,0.397431881420211,0.701695041799392,0.778684869434621,0.687171721840879,0.848349185489981,0.598725776870372,0.853918932285828,1.17892289760328,1.25185562805193,1.39849446578916,1.30442740936964,1.62796202022605
1548,"1 block",0,0.222498386314012,0.309295924980709,0.397431881420211,0.701695041799392,0.778684869434621,0.687171721840879,0.848349185489981,0.598725776870372,0.853918932285828,1.17892289760328,1.25185562805193,1.39849446578916,1.30442740936964,1.62796202022605
1549,"1 block",0,0.222498386314012,0.309295924980709,0.397431881420211,0.701695041799392,0.778684869434621,0.687171721840879,0.848349185489981,0.598725776870372,0.853918932285828,1.17892289760328,1.25185562805193,1.39849446578916,1.30442740936964,1.62796202022605
1550,"1 block",0,0.222498386314012,0.309295924980709,0.397431881420211,0.701695041799392,0.778684869434621,0.687171721840879,0.848349185489981,0.598725776870372,0.853918932285828,1.17892289760328,1.25185562805193,1.39849446578916,1.30442740936964,1.62796202022605
1551,"1 block",0,0.222498386314012,0.309295924980709,0.397431881420211,0.701695041799392,0.778684869434621,0.687171721840879,0.848349185489981,0.598725776870372,0.853918932285828,1.17892289760328,1.25185562805193,1.39849446578916,1.30442740936964,1.62796202022605
1552,"1 block",0,0.222498386314012,0.309295924980709,0.397431881420211,0.701695041799392,0.778684869434621,0.687171721840879,0.848349185489981,0.598725776870372,0.853918932285828,1.17892289760328,1.25185562805193,1.39849446578916,1.30442740936964,1.62796202022605
1553,"1 block",0,0.222498386314012,0.309295924980709,0.397431881420211,0.701695041799392,0.778684869434621,0.687171721840879,0.848349185489981,0.598725776870372,0.853918932285828,1.17892289760328,1.25185562805193,1.39849446578916,1.30442740936964,1.62796202022605
1554,"1 block",0,0.222498386314012,0.309295924980709,0.397431881420211,0.701695041799392,0.778684869434621,0.687171721840879,0.848349185489981,0.598725776870372,0.853918932285828,1.17892289760328,1.25185562805193,1.39849446578916,1.30442740936964,1.62796202022605
1555,"1 block",0,0.222498386314012,0.309295924980709,0.397431881420211,0.701695041799392,0.778684869434621,0.687171721840879,0.848349185489981,0.598725776870372,0.853918932285828,1.17892289760328,1.25185562805193,1.39849446578916,1.30442740936964,1.62796202022605
1556,"1 block",0,0.222498386314012,0.309295924980709,0.397431881420211,0.701695041799392,0.778684869434621,0.687171721840879,0.848349185489981,0.598725776870372,0.853918932285828,1.17892289760328,1.25185562805193,1.39849446578916,1.30442740936964,1.62796202022605
1557,"1 block",0,0.222498386314012,0.309295924980709,0.397431881420211,0.701695041799392,0.778684869434621,0.687171721840879,0.848349185489981,0.598725776870372,0.853918932285828,1.17892289760328,1.25185562805193,1.39849446578916,1.30442740936964,1.62796202022605
1558,"1 block",0,0.222498386314012,0.309295924980709,0.397431881420211,0.701695041799392,NA,0.687171721840879,0.848349185489981,0.598725776870372,0.853918932285828,1.17892289760328,1.25185562805193,1.39849446578916,1.30442740936964,1.62796202022605
1559,"2 blocks right",0,0.111528399787671,0.297277281400044,1.15887755892871,0.987480940202168,0.915574495410812,0.848288496953459,0.604746869498788,0.499137402523592,0.28522273520739,0.72283612891797,1.00332283005429,0.912680985964873,0.450371183519521,0.644390569930212
1560,"2 blocks right",0,0.111528399787671,0.297277281400044,1.15887755892871,0.987480940202168,0.915574495410812,0.848288496953459,0.604746869498788,0.499137402523592,0.28522273520739,0.72283612891797,1.00332283005429,0.912680985964873,0.450371183519521,0.644390569930212
1561,"2 blocks right",0,0.111528399787671,0.297277281400044,1.15887755892871,0.987480940202168,0.915574495410812,0.848288496953459,0.604746869498788,0.499137402523592,0.28522273520739,0.72283612891797,1.00332283005429,0.912680985964873,0.450371183519521,0.644390569930212
1562,"2 blocks right",0,0.111528399787671,0.297277281400044,1.15887755892871,0.987480940202168,0.915574495410812,0.848288496953459,0.604746869498788,0.499137402523592,0.28522273520739,0.72283612891797,1.00332283005429,0.912680985964873,0.450371183519521,0.644390569930212
1563,"2 blocks right",0,0.111528399787671,0.297277281400044,1.15887755892871,0.987480940202168,0.915574495410812,0.848288496953459,0.604746869498788,0.499137402523592,0.28522273520739,0.72283612891797,1.00332283005429,0.912680985964873,0.450371183519521,0.644390569930212
1564,"2 blocks right",0,0.111528399787671,0.297277281400044,1.15887755892871,0.987480940202168,0.915574495410812,0.848288496953459,0.604746869498788,0.499137402523592,0.28522273520739,0.72283612891797,1.00332283005429,0.912680985964873,0.450371183519521,0.644390569930212
1565,"2 blocks right",0,0.111528399787671,0.297277281400044,1.15887755892871,0.987480940202168,0.915574495410812,0.848288496953459,0.604746869498788,0.499137402523592,0.28522273520739,0.72283612891797,1.00332283005429,0.912680985964873,0.450371183519521,0.644390569930212
1566,"2 blocks right",0,0.111528399787671,0.297277281400044,1.15887755892871,0.987480940202168,0.915574495410812,0.848288496953459,0.604746869498788,0.499137402523592,0.28522273520739,0.72283612891797,1.00332283005429,0.912680985964873,0.450371183519521,0.644390569930212
1567,"2 blocks right",0,0.111528399787671,0.297277281400044,1.15887755892871,0.987480940202168,0.915574495410812,0.848288496953459,0.604746869498788,0.499137402523592,0.28522273520739,0.72283612891797,1.00332283005429,0.912680985964873,0.450371183519521,0.644390569930212
1568,"2 blocks right",0,0.111528399787671,0.297277281400044,1.15887755892871,0.987480940202168,0.915574495410812,0.848288496953459,0.604746869498788,0.499137402523592,0.28522273520739,0.72283612891797,1.00332283005429,0.912680985964873,0.450371183519521,0.644390569930212
1569,"2 blocks right",0,0.111528399787671,0.297277281400044,1.15887755892871,0.987480940202168,0.915574495410812,0.848288496953459,0.604746869498788,0.499137402523592,0.28522273520739,0.72283612891797,1.00332283005429,0.912680985964873,0.450371183519521,0.644390569930212
1570,"2 blocks right",0,NA,0.297277281400044,1.15887755892871,0.987480940202168,0.915574495410812,0.848288496953459,0.604746869498788,0.499137402523592,0.28522273520739,0.72283612891797,1.00332283005429,0.912680985964873,0.450371183519521,0.644390569930212
1571,"2 blocks right",0,0.111528399787671,0.297277281400044,1.15887755892871,0.987480940202168,0.915574495410812,0.848288496953459,0.604746869498788,0.499137402523592,0.28522273520739,0.72283612891797,1.00332283005429,0.912680985964873,0.450371183519521,0.644390569930212
1573,"2 blocks right",0,0.111528399787671,0.297277281400044,1.15887755892871,0.987480940202168,0.915574495410812,0.848288496953459,0.604746869498788,0.499137402523592,0.28522273520739,0.72283612891797,1.00332283005429,0.912680985964873,0.450371183519521,0.644390569930212
1576,"3-4 blocks right",0,0.091752773180572,0.208526327357603,0.283103295667132,0.350087254948003,0.335539459476254,0.873452978110503,0.841740539575785,0.73540214419406,0.588979270632731,0.444058097032575,0.438458694840106,0.675163847850881,0.702037776352155,1.00781526045015
1577,"3-4 blocks right",0,0.091752773180572,0.208526327357603,0.283103295667132,0.350087254948003,0.335539459476254,0.873452978110503,0.841740539575785,0.73540214419406,0.588979270632731,0.444058097032575,0.438458694840106,0.675163847850881,0.702037776352155,1.00781526045015
1578,"3-4 blocks right",0,0.091752773180572,0.208526327357603,0.283103295667132,0.350087254948003,0.335539459476254,0.873452978110503,0.841740539575785,0.73540214419406,0.588979270632731,0.444058097032575,0.438458694840106,0.675163847850881,0.702037776352155,1.00781526045015
1579,"3-4 blocks right",0,0.091752773180572,0.208526327357603,0.283103295667132,0.350087254948003,0.335539459476254,0.873452978110503,0.841740539575785,0.73540214419406,0.588979270632731,0.444058097032575,0.438458694840106,0.675163847850881,0.702037776352155,1.00781526045015
1580,"3-4 blocks right",0,0.091752773180572,0.208526327357603,0.283103295667132,0.350087254948003,0.335539459476254,0.873452978110503,0.841740539575785,0.73540214419406,0.588979270632731,0.444058097032575,0.438458694840106,0.675163847850881,0.702037776352155,1.00781526045015
1581,"3-4 blocks right",0,0.091752773180572,0.208526327357603,0.283103295667132,0.350087254948003,0.335539459476254,0.873452978110503,0.841740539575785,0.73540214419406,0.588979270632731,0.444058097032575,0.438458694840106,0.675163847850881,0.702037776352155,1.00781526045015
1582,"3-4 blocks right",0,0.091752773180572,0.208526327357603,0.283103295667132,0.350087254948003,0.335539459476254,0.873452978110503,0.841740539575785,0.73540214419406,0.588979270632731,0.444058097032575,0.438458694840106,0.675163847850881,0.702037776352155,1.00781526045015
1583,"3-4 blocks right",0,0.091752773180572,0.208526327357603,0.283103295667132,0.350087254948003,0.335539459476254,0.873452978110503,0.841740539575785,0.73540214419406,0.588979270632731,0.444058097032575,0.438458694840106,0.675163847850881,0.702037776352155,1.00781526045015
1584,"3-4 blocks right",0,0.091752773180572,0.208526327357603,0.283103295667132,0.350087254948003,0.335539459476254,0.873452978110503,0.841740539575785,0.73540214419406,0.588979270632731,0.444058097032575,0.438458694840106,0.675163847850881,0.702037776352155,1.00781526045015
1585,"3-4 blocks right",0,0.091752773180572,0.208526327357603,0.283103295667132,0.350087254948003,0.335539459476254,0.873452978110503,0.841740539575785,0.73540214419406,0.588979270632731,0.444058097032575,0.438458694840106,0.675163847850881,0.702037776352155,1.00781526045015
1586,"3-4 blocks right",0,0.091752773180572,0.208526327357603,0.283103295667132,0.350087254948003,0.335539459476254,0.873452978110503,0.841740539575785,0.73540214419406,0.588979270632731,0.444058097032575,0.438458694840106,0.675163847850881,0.702037776352155,1.00781526045015
1587,"3-4 blocks right",0,0.091752773180572,NA,0.283103295667132,0.350087254948003,0.335539459476254,0.873452978110503,0.841740539575785,0.73540214419406,0.588979270632731,0.444058097032575,0.438458694840106,0.675163847850881,0.702037776352155,1.00781526045015
1589,"3-4 blocks right",0,0.091752773180572,0.208526327357603,0.283103295667132,0.350087254948003,0.335539459476254,0.873452978110503,0.841740539575785,0.73540214419406,0.588979270632731,0.444058097032575,0.438458694840106,0.675163847850881,0.702037776352155,1.00781526045015
1590,"3-4 blocks right",0,0.091752773180572,0.208526327357603,0.283103295667132,0.350087254948003,0.335539459476254,0.873452978110503,0.841740539575785,0.73540214419406,0.588979270632731,0.444058097032575,0.438458694840106,0.675163847850881,0.702037776352155,1.00781526045015
1592,"3-4 blocks right",NA,NA,NA,0.283103295667132,NA,NA,NA,0.841740539575785,NA,NA,0.444058097032575,0.438458694840106,NA,0.702037776352155,1.00781526045015
1600,"other",NA,NA,0.610296560774168,NA,NA,NA,1.54989048671057,1.90593241293088,1.8801854351758,1.71681409286557,1.60333489075557,NA,NA,2.08342702826055,NA
1602,"4-5 blocks left",0,0.070687751877067,0.181300839158531,0.234980526298014,0.294982143314556,0.342576403008512,0.556051443617639,0.488961370016237,0.373411359391964,0.440863077070244,0.564530331246958,0.811155106195748,0.900647780478786,0.852865355881956,0.740194366812039
1603,"other",0,0.552239650630474,0.610296560774168,1.02837069387898,0.909068055721702,1.05782634959718,1.54989048671057,1.90593241293088,1.8801854351758,1.71681409286557,1.60333489075557,1.8418917918543,2.08604702775696,2.08342702826055,2.48247865576743
1604,"other",0,0.552239650630474,0.610296560774168,1.02837069387898,0.909068055721702,1.05782634959718,1.54989048671057,1.90593241293088,1.8801854351758,1.71681409286557,1.60333489075557,1.8418917918543,2.08604702775696,2.08342702826055,2.48247865576743
1605,"other",0,0.552239650630474,0.610296560774168,1.02837069387898,0.909068055721702,1.05782634959718,1.54989048671057,1.90593241293088,NA,1.71681409286557,NA,NA,NA,2.08342702826055,2.48247865576743
1607,"other",NA,0.552239650630474,NA,1.02837069387898,0.909068055721702,1.05782634959718,1.54989048671057,1.90593241293088,1.8801854351758,1.71681409286557,1.60333489075557,1.8418917918543,2.08604702775696,2.08342702826055,2.48247865576743
1608,"other",0,0.552239650630474,0.610296560774168,1.02837069387898,0.909068055721702,1.05782634959718,1.54989048671057,1.90593241293088,1.8801854351758,1.71681409286557,1.60333489075557,1.8418917918543,2.08604702775696,2.08342702826055,2.48247865576743
1609,"other",0,0.552239650630474,0.610296560774168,1.02837069387898,0.909068055721702,1.05782634959718,1.54989048671057,1.90593241293088,1.8801854351758,1.71681409286557,1.60333489075557,1.8418917918543,2.08604702775696,2.08342702826055,2.48247865576743
1610,"other",0,0.552239650630474,0.610296560774168,1.02837069387898,0.909068055721702,1.05782634959718,1.54989048671057,1.90593241293088,1.8801854351758,1.71681409286557,1.60333489075557,1.8418917918543,2.08604702775696,2.08342702826055,2.48247865576743
1611,"other",0,0.552239650630474,0.610296560774168,1.02837069387898,0.909068055721702,NA,NA,1.90593241293088,1.8801854351758,1.71681409286557,1.60333489075557,1.8418917918543,2.08604702775696,2.08342702826055,2.48247865576743
1612,"other",0,0.552239650630474,0.610296560774168,1.02837069387898,0.909068055721702,1.05782634959718,1.54989048671057,1.90593241293088,1.8801854351758,1.71681409286557,1.60333489075557,1.8418917918543,2.08604702775696,2.08342702826055,2.48247865576743
1613,"other",0,0.552239650630474,0.610296560774168,1.02837069387898,0.909068055721702,1.05782634959718,1.54989048671057,1.90593241293088,1.8801854351758,1.71681409286557,1.60333489075557,1.8418917918543,2.08604702775696,2.08342702826055,2.48247865576743
1614,"other",0,0.552239650630474,0.610296560774168,1.02837069387898,0.909068055721702,1.05782634959718,1.54989048671057,1.90593241293088,1.8801854351758,1.71681409286557,1.60333489075557,1.8418917918543,NA,2.08342702826055,2.48247865576743
1615,"other",0,0.552239650630474,0.610296560774168,1.02837069387898,0.909068055721702,1.05782634959718,1.54989048671057,1.90593241293088,1.8801854351758,1.71681409286557,1.60333489075557,1.8418917918543,2.08604702775696,2.08342702826055,2.48247865576743
1616,"other",NA,0.552239650630474,0.610296560774168,1.02837069387898,0.909068055721702,NA,1.54989048671057,1.90593241293088,1.8801854351758,1.71681409286557,1.60333489075557,1.8418917918543,2.08604702775696,2.08342702826055,2.48247865576743
1617,"other",0,0.552239650630474,NA,1.02837069387898,0.909068055721702,1.05782634959718,NA,1.90593241293088,1.8801854351758,1.71681409286557,1.60333489075557,1.8418917918543,2.08604702775696,2.08342702826055,2.48247865576743
1618,"other",0,NA,0.610296560774168,1.02837069387898,0.909068055721702,1.05782634959718,1.54989048671057,1.90593241293088,1.8801854351758,1.71681409286557,1.60333489075557,1.8418917918543,2.08604702775696,2.08342702826055,2.48247865576743
1620,"other",NA,NA,NA,NA,NA,NA,1.54989048671057,NA,1.8801854351758,1.71681409286557,1.60333489075557,1.8418917918543,2.08604702775696,2.08342702826055,2.48247865576743
1621,"other",0,0.552239650630474,0.610296560774168,1.02837069387898,0.909068055721702,1.05782634959718,1.54989048671057,1.90593241293088,1.8801854351758,1.71681409286557,1.60333489075557,1.8418917918543,2.08604702775696,2.08342702826055,2.48247865576743
1622,"other",0,0.552239650630474,0.610296560774168,1.02837069387898,0.909068055721702,1.05782634959718,1.54989048671057,1.90593241293088,1.8801854351758,1.71681409286557,1.60333489075557,1.8418917918543,2.08604702775696,2.08342702826055,2.48247865576743
1623,"other",0,0.552239650630474,0.610296560774168,1.02837069387898,0.909068055721702,1.05782634959718,1.54989048671057,1.90593241293088,1.8801854351758,NA,1.60333489075557,1.8418917918543,2.08604702775696,2.08342702826055,2.48247865576743
1624,"2-3 blocks left",0,0.0860713960748979,0.204430730485467,0.37059393598805,0.475905674723149,0.597252623990637,0.721164968146011,0.599231803404199,0.515789056486048,0.723726146643805,1.07062471954498,1.33558594430889,1.70063818771022,1.59408025973345,1.38336484220572
1625,"other",0,0.552239650630474,0.610296560774168,1.02837069387898,0.909068055721702,1.05782634959718,1.54989048671057,1.90593241293088,1.8801854351758,1.71681409286557,1.60333489075557,1.8418917918543,2.08604702775696,2.08342702826055,2.48247865576743
1626,"other",0,0.552239650630474,0.610296560774168,1.02837069387898,0.909068055721702,1.05782634959718,NA,1.90593241293088,1.8801854351758,NA,1.60333489075557,1.8418917918543,2.08604702775696,2.08342702826055,2.48247865576743
1627,"other",0,0.552239650630474,0.610296560774168,1.02837069387898,0.909068055721702,1.05782634959718,1.54989048671057,1.90593241293088,1.8801854351758,1.71681409286557,1.60333489075557,1.8418917918543,2.08604702775696,2.08342702826055,2.48247865576743
1628,"other",0,0.552239650630474,0.610296560774168,1.02837069387898,0.909068055721702,1.05782634959718,1.54989048671057,1.90593241293088,1.8801854351758,1.71681409286557,1.60333489075557,1.8418917918543,2.08604702775696,2.08342702826055,2.48247865576743
1629,"other",0,0.552239650630474,0.610296560774168,1.02837069387898,0.909068055721702,1.05782634959718,1.54989048671057,1.90593241293088,1.8801854351758,1.71681409286557,1.60333489075557,1.8418917918543,2.08604702775696,2.08342702826055,2.48247865576743
1630,"other",0,0.552239650630474,0.610296560774168,1.02837069387898,0.909068055721702,1.05782634959718,1.54989048671057,1.90593241293088,1.8801854351758,1.71681409286557,1.60333489075557,1.8418917918543,2.08604702775696,2.08342702826055,2.48247865576743
1631,"other",0,0.552239650630474,0.610296560774168,1.02837069387898,0.909068055721702,1.05782634959718,1.54989048671057,1.90593241293088,1.8801854351758,1.71681409286557,1.60333489075557,1.8418917918543,2.08604702775696,2.08342702826055,2.48247865576743
1632,"other",0,0.552239650630474,0.610296560774168,1.02837069387898,0.909068055721702,1.05782634959718,1.54989048671057,1.90593241293088,1.8801854351758,1.71681409286557,1.60333489075557,1.8418917918543,2.08604702775696,2.08342702826055,2.48247865576743
1633,"other",0,0.552239650630474,0.610296560774168,1.02837069387898,0.909068055721702,1.05782634959718,1.54989048671057,1.90593241293088,1.8801854351758,1.71681409286557,1.60333489075557,1.8418917918543,2.08604702775696,2.08342702826055,2.48247865576743
1634,"other",0,0.552239650630474,0.610296560774168,1.02837069387898,0.909068055721702,1.05782634959718,1.54989048671057,1.90593241293088,1.8801854351758,1.71681409286557,1.60333489075557,1.8418917918543,2.08604702775696,2.08342702826055,2.48247865576743
1635,"other",0,0.552239650630474,0.610296560774168,1.02837069387898,0.909068055721702,1.05782634959718,1.54989048671057,1.90593241293088,1.8801854351758,1.71681409286557,1.60333489075557,1.8418917918543,2.08604702775696,2.08342702826055,2.48247865576743
1636,"other",0,0.552239650630474,0.610296560774168,1.02837069387898,0.909068055721702,1.05782634959718,1.54989048671057,NA,1.8801854351758,1.71681409286557,1.60333489075557,1.8418917918543,2.08604702775696,2.08342702826055,2.48247865576743
1637,"other",0,0.552239650630474,0.610296560774168,1.02837069387898,0.909068055721702,1.05782634959718,1.54989048671057,1.90593241293088,1.8801854351758,1.71681409286557,1.60333489075557,1.8418917918543,2.08604702775696,2.08342702826055,2.48247865576743
1638,"other",0,0.552239650630474,0.610296560774168,1.02837069387898,0.909068055721702,1.05782634959718,1.54989048671057,1.90593241293088,1.8801854351758,1.71681409286557,1.60333489075557,1.8418917918543,2.08604702775696,2.08342702826055,2.48247865576743
1639,"other",0,0.552239650630474,0.610296560774168,1.02837069387898,0.909068055721702,1.05782634959718,1.54989048671057,1.90593241293088,1.8801854351758,1.71681409286557,1.60333489075557,1.8418917918543,2.08604702775696,2.08342702826055,2.48247865576743
1640,"other",0,0.552239650630474,0.610296560774168,1.02837069387898,0.909068055721702,1.05782634959718,1.54989048671057,1.90593241293088,1.8801854351758,1.71681409286557,1.60333489075557,1.8418917918543,2.08604702775696,2.08342702826055,2.48247865576743
1643,"other",0,0.552239650630474,0.610296560774168,1.02837069387898,0.909068055721702,1.05782634959718,1.54989048671057,1.90593241293088,1.8801854351758,1.71681409286557,1.60333489075557,1.8418917918543,2.08604702775696,2.08342702826055,2.48247865576743
1644,"other",0,0.552239650630474,0.610296560774168,1.02837069387898,0.909068055721702,1.05782634959718,1.54989048671057,1.90593241293088,1.8801854351758,1.71681409286557,1.60333489075557,1.8418917918543,2.08604702775696,2.08342702826055,2.48247865576743
1645,"other",0,0.552239650630474,0.610296560774168,1.02837069387898,0.909068055721702,1.05782634959718,1.54989048671057,1.90593241293088,1.8801854351758,1.71681409286557,1.60333489075557,1.8418917918543,2.08604702775696,2.08342702826055,2.48247865576743
1646,"1 block",0,0.222498386314012,0.309295924980709,0.397431881420211,0.701695041799392,0.778684869434621,0.687171721840879,0.848349185489981,0.598725776870372,0.853918932285828,1.17892289760328,1.25185562805193,1.39849446578916,1.30442740936964,1.62796202022605
1647,"other",NA,0.552239650630474,0.610296560774168,1.02837069387898,0.909068055721702,1.05782634959718,1.54989048671057,1.90593241293088,1.8801854351758,1.71681409286557,NA,NA,2.08604702775696,NA,NA
1649,"other",0,0.552239650630474,0.610296560774168,1.02837069387898,NA,1.05782634959718,1.54989048671057,1.90593241293088,1.8801854351758,1.71681409286557,1.60333489075557,1.8418917918543,2.08604702775696,2.08342702826055,2.48247865576743
1652,"other",0,0.552239650630474,0.610296560774168,1.02837069387898,0.909068055721702,1.05782634959718,1.54989048671057,1.90593241293088,1.8801854351758,1.71681409286557,NA,1.8418917918543,2.08604702775696,2.08342702826055,2.48247865576743
1654,"other",0,0.552239650630474,0.610296560774168,1.02837069387898,0.909068055721702,1.05782634959718,1.54989048671057,1.90593241293088,1.8801854351758,1.71681409286557,1.60333489075557,1.8418917918543,2.08604702775696,2.08342702826055,2.48247865576743
1655,"other",0,0.552239650630474,0.610296560774168,1.02837069387898,0.909068055721702,1.05782634959718,1.54989048671057,1.90593241293088,1.8801854351758,1.71681409286557,1.60333489075557,1.8418917918543,2.08604702775696,2.08342702826055,2.48247865576743
1656,"other",0,0.552239650630474,0.610296560774168,1.02837069387898,0.909068055721702,1.05782634959718,1.54989048671057,1.90593241293088,1.8801854351758,1.71681409286557,1.60333489075557,1.8418917918543,2.08604702775696,2.08342702826055,2.48247865576743
1659,"other",0,0.552239650630474,0.610296560774168,1.02837069387898,0.909068055721702,1.05782634959718,1.54989048671057,1.90593241293088,1.8801854351758,1.71681409286557,1.60333489075557,1.8418917918543,2.08604702775696,2.08342702826055,2.48247865576743
1660,"other",0,0.552239650630474,0.610296560774168,1.02837069387898,0.909068055721702,1.05782634959718,1.54989048671057,1.90593241293088,1.8801854351758,1.71681409286557,1.60333489075557,1.8418917918543,2.08604702775696,2.08342702826055,2.48247865576743
1661,"other",0,0.552239650630474,0.610296560774168,1.02837069387898,0.909068055721702,1.05782634959718,1.54989048671057,1.90593241293088,1.8801854351758,1.71681409286557,1.60333489075557,1.8418917918543,2.08604702775696,2.08342702826055,2.48247865576743
1662,"other",NA,0.552239650630474,0.610296560774168,1.02837069387898,0.909068055721702,1.05782634959718,1.54989048671057,1.90593241293088,1.8801854351758,1.71681409286557,1.60333489075557,1.8418917918543,2.08604702775696,2.08342702826055,2.48247865576743
1665,"other",0,0.552239650630474,0.610296560774168,1.02837069387898,0.909068055721702,1.05782634959718,1.54989048671057,1.90593241293088,1.8801854351758,1.71681409286557,1.60333489075557,1.8418917918543,2.08604702775696,2.08342702826055,2.48247865576743
1666,"other",0,0.552239650630474,0.610296560774168,1.02837069387898,0.909068055721702,1.05782634959718,1.54989048671057,1.90593241293088,1.8801854351758,1.71681409286557,1.60333489075557,1.8418917918543,2.08604702775696,2.08342702826055,2.48247865576743
1667,"other",0,0.552239650630474,0.610296560774168,1.02837069387898,0.909068055721702,1.05782634959718,1.54989048671057,1.90593241293088,1.8801854351758,1.71681409286557,1.60333489075557,1.8418917918543,2.08604702775696,2.08342702826055,2.48247865576743
1668,"1 block",NA,NA,NA,NA,NA,0.778684869434621,0.687171721840879,NA,0.598725776870372,0.853918932285828,1.17892289760328,1.25185562805193,NA,NA,NA
1669,"other",0,0.552239650630474,0.610296560774168,1.02837069387898,0.909068055721702,1.05782634959718,1.54989048671057,1.90593241293088,1.8801854351758,1.71681409286557,1.60333489075557,1.8418917918543,2.08604702775696,2.08342702826055,2.48247865576743
1671,"other",0,NA,0.610296560774168,1.02837069387898,NA,1.05782634959718,1.54989048671057,1.90593241293088,1.8801854351758,1.71681409286557,1.60333489075557,1.8418917918543,2.08604702775696,2.08342702826055,2.48247865576743
1672,"other",NA,0.552239650630474,0.610296560774168,1.02837069387898,0.909068055721702,1.05782634959718,1.54989048671057,1.90593241293088,NA,1.71681409286557,1.60333489075557,1.8418917918543,NA,2.08342702826055,2.48247865576743
1673,"other",0,0.552239650630474,0.610296560774168,1.02837069387898,0.909068055721702,1.05782634959718,1.54989048671057,1.90593241293088,1.8801854351758,1.71681409286557,1.60333489075557,1.8418917918543,2.08604702775696,2.08342702826055,2.48247865576743
1674,"other",0,0.552239650630474,0.610296560774168,1.02837069387898,0.909068055721702,1.05782634959718,1.54989048671057,1.90593241293088,1.8801854351758,1.71681409286557,1.60333489075557,NA,NA,NA,NA
1675,"other",0,0.552239650630474,0.610296560774168,1.02837069387898,0.909068055721702,1.05782634959718,1.54989048671057,1.90593241293088,1.8801854351758,1.71681409286557,NA,1.8418917918543,2.08604702775696,NA,2.48247865576743
1676,"other",0,NA,0.610296560774168,1.02837069387898,0.909068055721702,1.05782634959718,1.54989048671057,1.90593241293088,1.8801854351758,1.71681409286557,1.60333489075557,1.8418917918543,2.08604702775696,2.08342702826055,2.48247865576743
1677,"other",0,0.552239650630474,0.610296560774168,1.02837069387898,0.909068055721702,1.05782634959718,NA,1.90593241293088,1.8801854351758,1.71681409286557,1.60333489075557,1.8418917918543,2.08604702775696,2.08342702826055,2.48247865576743
1678,"other",NA,0.552239650630474,0.610296560774168,NA,NA,NA,NA,1.90593241293088,1.8801854351758,1.71681409286557,1.60333489075557,1.8418917918543,2.08604702775696,2.08342702826055,2.48247865576743
1680,"other",0,0.552239650630474,0.610296560774168,1.02837069387898,0.909068055721702,1.05782634959718,1.54989048671057,1.90593241293088,1.8801854351758,1.71681409286557,1.60333489075557,1.8418917918543,2.08604702775696,2.08342702826055,2.48247865576743
1681,"other",0,0.552239650630474,0.610296560774168,1.02837069387898,0.909068055721702,1.05782634959718,1.54989048671057,1.90593241293088,1.8801854351758,1.71681409286557,1.60333489075557,1.8418917918543,2.08604702775696,2.08342702826055,2.48247865576743
1682,"other",NA,0.552239650630474,NA,1.02837069387898,0.909068055721702,1.05782634959718,1.54989048671057,1.90593241293088,1.8801854351758,1.71681409286557,1.60333489075557,1.8418917918543,2.08604702775696,2.08342702826055,2.48247865576743
1683,"other",0,0.552239650630474,0.610296560774168,1.02837069387898,0.909068055721702,1.05782634959718,1.54989048671057,1.90593241293088,1.8801854351758,1.71681409286557,1.60333489075557,1.8418917918543,2.08604702775696,2.08342702826055,2.48247865576743
1684,"other",NA,0.552239650630474,0.610296560774168,1.02837069387898,0.909068055721702,1.05782634959718,1.54989048671057,1.90593241293088,1.8801854351758,1.71681409286557,1.60333489075557,1.8418917918543,2.08604702775696,2.08342702826055,2.48247865576743
1687,"other",0,0.552239650630474,0.610296560774168,1.02837069387898,0.909068055721702,NA,1.54989048671057,1.90593241293088,1.8801854351758,1.71681409286557,1.60333489075557,1.8418917918543,2.08604702775696,2.08342702826055,2.48247865576743
1688,"other",0,0.552239650630474,0.610296560774168,1.02837069387898,0.909068055721702,1.05782634959718,1.54989048671057,1.90593241293088,1.8801854351758,1.71681409286557,1.60333489075557,1.8418917918543,2.08604702775696,2.08342702826055,2.48247865576743
1689,"other",NA,0.552239650630474,0.610296560774168,1.02837069387898,0.909068055721702,1.05782634959718,1.54989048671057,1.90593241293088,1.8801854351758,1.71681409286557,1.60333489075557,1.8418917918543,2.08604702775696,2.08342702826055,2.48247865576743
1691,"other",0,0.552239650630474,0.610296560774168,1.02837069387898,0.909068055721702,NA,NA,NA,NA,NA,1.60333489075557,1.8418917918543,2.08604702775696,2.08342702826055,2.48247865576743
1693,"other",0,0.552239650630474,0.610296560774168,NA,0.909068055721702,NA,1.54989048671057,1.90593241293088,1.8801854351758,NA,1.60333489075557,1.8418917918543,2.08604702775696,2.08342702826055,2.48247865576743
1694,"other",NA,0.552239650630474,0.610296560774168,NA,0.909068055721702,1.05782634959718,NA,NA,1.8801854351758,1.71681409286557,1.60333489075557,1.8418917918543,2.08604702775696,2.08342702826055,2.48247865576743
1696,"other",0,0.552239650630474,0.610296560774168,1.02837069387898,0.909068055721702,1.05782634959718,1.54989048671057,1.90593241293088,1.8801854351758,1.71681409286557,1.60333489075557,NA,2.08604702775696,2.08342702826055,2.48247865576743
1699,"other",0,0.552239650630474,0.610296560774168,NA,0.909068055721702,NA,1.54989048671057,NA,NA,1.71681409286557,1.60333489075557,1.8418917918543,2.08604702775696,NA,NA
1700,"other",0,0.552239650630474,0.610296560774168,NA,NA,1.05782634959718,1.54989048671057,NA,NA,NA,NA,NA,2.08604702775696,2.08342702826055,2.48247865576743
1701,"other",0,0.552239650630474,0.610296560774168,1.02837069387898,0.909068055721702,1.05782634959718,1.54989048671057,1.90593241293088,1.8801854351758,1.71681409286557,1.60333489075557,1.8418917918543,2.08604702775696,2.08342702826055,2.48247865576743
1704,"other",NA,0.552239650630474,0.610296560774168,1.02837069387898,0.909068055721702,1.05782634959718,1.54989048671057,1.90593241293088,1.8801854351758,1.71681409286557,1.60333489075557,1.8418917918543,NA,2.08342702826055,2.48247865576743
1705,"other",NA,NA,NA,NA,0.909068055721702,1.05782634959718,NA,NA,1.8801854351758,1.71681409286557,1.60333489075557,1.8418917918543,NA,NA,NA
1708,"other",0,0.552239650630474,0.610296560774168,1.02837069387898,0.909068055721702,1.05782634959718,1.54989048671057,1.90593241293088,1.8801854351758,1.71681409286557,1.60333489075557,1.8418917918543,2.08604702775696,2.08342702826055,2.48247865576743
1709,"other",0,0.552239650630474,0.610296560774168,1.02837069387898,0.909068055721702,1.05782634959718,1.54989048671057,1.90593241293088,1.8801854351758,1.71681409286557,1.60333489075557,1.8418917918543,2.08604702775696,2.08342702826055,2.48247865576743
1710,"other",0,0.552239650630474,0.610296560774168,1.02837069387898,0.909068055721702,1.05782634959718,1.54989048671057,1.90593241293088,1.8801854351758,1.71681409286557,1.60333489075557,1.8418917918543,2.08604702775696,2.08342702826055,2.48247865576743
1711,"other",0,0.552239650630474,0.610296560774168,1.02837069387898,0.909068055721702,1.05782634959718,1.54989048671057,1.90593241293088,1.8801854351758,1.71681409286557,1.60333489075557,1.8418917918543,2.08604702775696,2.08342702826055,2.48247865576743
1713,"other",NA,NA,0.610296560774168,NA,0.909068055721702,1.05782634959718,1.54989048671057,1.90593241293088,1.8801854351758,1.71681409286557,1.60333489075557,1.8418917918543,2.08604702775696,2.08342702826055,2.48247865576743
1715,"other",0,0.552239650630474,0.610296560774168,1.02837069387898,0.909068055721702,1.05782634959718,1.54989048671057,1.90593241293088,1.8801854351758,1.71681409286557,1.60333489075557,1.8418917918543,NA,2.08342702826055,2.48247865576743
1716,"other",0,NA,0.610296560774168,1.02837069387898,0.909068055721702,1.05782634959718,1.54989048671057,1.90593241293088,1.8801854351758,1.71681409286557,1.60333489075557,1.8418917918543,2.08604702775696,2.08342702826055,2.48247865576743
1717,"other",NA,NA,NA,NA,NA,NA,1.54989048671057,NA,NA,1.71681409286557,NA,NA,2.08604702775696,NA,NA
1718,"other",0,NA,NA,NA,NA,1.05782634959718,NA,NA,NA,NA,1.60333489075557,NA,NA,NA,NA
1722,"other",0,0.552239650630474,0.610296560774168,1.02837069387898,0.909068055721702,1.05782634959718,1.54989048671057,NA,1.8801854351758,NA,NA,1.8418917918543,2.08604702775696,NA,NA
1723,"other",NA,NA,0.610296560774168,1.02837069387898,0.909068055721702,1.05782634959718,1.54989048671057,NA,NA,NA,1.60333489075557,1.8418917918543,2.08604702775696,2.08342702826055,2.48247865576743
1724,"other",NA,NA,NA,1.02837069387898,0.909068055721702,1.05782634959718,1.54989048671057,1.90593241293088,1.8801854351758,NA,NA,1.8418917918543,2.08604702775696,2.08342702826055,2.48247865576743
1725,"other",NA,0.552239650630474,0.610296560774168,1.02837069387898,0.909068055721702,1.05782634959718,1.54989048671057,NA,1.8801854351758,1.71681409286557,1.60333489075557,1.8418917918543,2.08604702775696,2.08342702826055,2.48247865576743
1726,"other",NA,NA,NA,NA,NA,NA,1.54989048671057,1.90593241293088,1.8801854351758,NA,NA,1.8418917918543,NA,NA,2.48247865576743
1727,"other",NA,NA,NA,NA,NA,NA,NA,NA,1.8801854351758,NA,NA,NA,NA,2.08342702826055,NA
1745,"other",0,0.552239650630474,0.610296560774168,1.02837069387898,0.909068055721702,1.05782634959718,1.54989048671057,1.90593241293088,1.8801854351758,1.71681409286557,1.60333489075557,1.8418917918543,2.08604702775696,2.08342702826055,2.48247865576743
1746,"other",0,0.552239650630474,0.610296560774168,1.02837069387898,0.909068055721702,1.05782634959718,1.54989048671057,1.90593241293088,1.8801854351758,1.71681409286557,1.60333489075557,1.8418917918543,2.08604702775696,2.08342702826055,2.48247865576743
1747,"other",0,0.552239650630474,NA,NA,0.909068055721702,1.05782634959718,1.54989048671057,1.90593241293088,1.8801854351758,1.71681409286557,1.60333489075557,1.8418917918543,2.08604702775696,2.08342702826055,2.48247865576743
1748,"other",NA,0.552239650630474,0.610296560774168,1.02837069387898,NA,NA,1.54989048671057,NA,NA,NA,NA,NA,2.08604702775696,2.08342702826055,2.48247865576743
1749,"other",0,0.552239650630474,0.610296560774168,1.02837069387898,0.909068055721702,1.05782634959718,1.54989048671057,1.90593241293088,1.8801854351758,1.71681409286557,1.60333489075557,1.8418917918543,2.08604702775696,2.08342702826055,2.48247865576743
1750,"other",0,0.552239650630474,0.610296560774168,1.02837069387898,0.909068055721702,1.05782634959718,1.54989048671057,1.90593241293088,1.8801854351758,1.71681409286557,1.60333489075557,1.8418917918543,2.08604702775696,2.08342702826055,2.48247865576743
1751,"other",0,0.552239650630474,0.610296560774168,1.02837069387898,0.909068055721702,1.05782634959718,1.54989048671057,1.90593241293088,1.8801854351758,1.71681409286557,NA,1.8418917918543,2.08604702775696,2.08342702826055,2.48247865576743
1752,"other",0,0.552239650630474,0.610296560774168,1.02837069387898,0.909068055721702,1.05782634959718,1.54989048671057,1.90593241293088,1.8801854351758,1.71681409286557,1.60333489075557,1.8418917918543,2.08604702775696,2.08342702826055,2.48247865576743
1753,"other",0,0.552239650630474,0.610296560774168,1.02837069387898,0.909068055721702,1.05782634959718,1.54989048671057,1.90593241293088,1.8801854351758,1.71681409286557,1.60333489075557,1.8418917918543,2.08604702775696,2.08342702826055,2.48247865576743
1754,"other",0,0.552239650630474,0.610296560774168,1.02837069387898,0.909068055721702,1.05782634959718,1.54989048671057,1.90593241293088,1.8801854351758,1.71681409286557,1.60333489075557,1.8418917918543,2.08604702775696,2.08342702826055,2.48247865576743
1767,"other",0,0.552239650630474,0.610296560774168,1.02837069387898,0.909068055721702,1.05782634959718,1.54989048671057,1.90593241293088,1.8801854351758,1.71681409286557,1.60333489075557,1.8418917918543,2.08604702775696,2.08342702826055,2.48247865576743
1768,"other",NA,NA,0.610296560774168,1.02837069387898,0.909068055721702,NA,1.54989048671057,1.90593241293088,1.8801854351758,1.71681409286557,1.60333489075557,1.8418917918543,2.08604702775696,2.08342702826055,2.48247865576743
1769,"other",0,0.552239650630474,0.610296560774168,1.02837069387898,0.909068055721702,1.05782634959718,1.54989048671057,1.90593241293088,1.8801854351758,1.71681409286557,1.60333489075557,1.8418917918543,2.08604702775696,2.08342702826055,2.48247865576743
1770,"other",0,0.552239650630474,0.610296560774168,1.02837069387898,0.909068055721702,1.05782634959718,1.54989048671057,1.90593241293088,1.8801854351758,1.71681409286557,1.60333489075557,1.8418917918543,2.08604702775696,2.08342702826055,2.48247865576743
1771,"other",0,0.552239650630474,0.610296560774168,1.02837069387898,0.909068055721702,1.05782634959718,1.54989048671057,1.90593241293088,1.8801854351758,1.71681409286557,1.60333489075557,1.8418917918543,2.08604702775696,2.08342702826055,2.48247865576743
1772,"other",0,0.552239650630474,0.610296560774168,1.02837069387898,0.909068055721702,1.05782634959718,1.54989048671057,1.90593241293088,1.8801854351758,1.71681409286557,1.60333489075557,1.8418917918543,2.08604702775696,2.08342702826055,2.48247865576743
1773,"other",NA,0.552239650630474,0.610296560774168,1.02837069387898,0.909068055721702,1.05782634959718,1.54989048671057,1.90593241293088,1.8801854351758,1.71681409286557,1.60333489075557,1.8418917918543,2.08604702775696,2.08342702826055,2.48247865576743
1774,"other",0,0.552239650630474,0.610296560774168,1.02837069387898,0.909068055721702,1.05782634959718,1.54989048671057,1.90593241293088,1.8801854351758,1.71681409286557,1.60333489075557,1.8418917918543,2.08604702775696,2.08342702826055,2.48247865576743
1775,"other",0,0.552239650630474,0.610296560774168,1.02837069387898,0.909068055721702,1.05782634959718,1.54989048671057,1.90593241293088,1.8801854351758,1.71681409286557,1.60333489075557,1.8418917918543,2.08604702775696,2.08342702826055,2.48247865576743
1776,"other",NA,0.552239650630474,NA,NA,0.909068055721702,NA,NA,1.90593241293088,1.8801854351758,1.71681409286557,1.60333489075557,NA,2.08604702775696,2.08342702826055,2.48247865576743
1777,"other",0,0.552239650630474,NA,1.02837069387898,NA,1.05782634959718,1.54989048671057,1.90593241293088,1.8801854351758,1.71681409286557,1.60333489075557,1.8418917918543,2.08604702775696,2.08342702826055,NA
1778,"other",NA,0.552239650630474,NA,NA,NA,1.05782634959718,1.54989048671057,1.90593241293088,NA,1.71681409286557,1.60333489075557,NA,NA,2.08342702826055,2.48247865576743
1783,"other",0,0.552239650630474,0.610296560774168,1.02837069387898,0.909068055721702,1.05782634959718,1.54989048671057,1.90593241293088,1.8801854351758,1.71681409286557,1.60333489075557,1.8418917918543,2.08604702775696,2.08342702826055,2.48247865576743
1784,"other",0,0.552239650630474,0.610296560774168,1.02837069387898,0.909068055721702,1.05782634959718,1.54989048671057,1.90593241293088,1.8801854351758,1.71681409286557,1.60333489075557,1.8418917918543,2.08604702775696,2.08342702826055,2.48247865576743
1785,"other",0,0.552239650630474,0.610296560774168,1.02837069387898,0.909068055721702,1.05782634959718,1.54989048671057,1.90593241293088,1.8801854351758,1.71681409286557,NA,1.8418917918543,2.08604702775696,2.08342702826055,2.48247865576743
1786,"other",0,0.552239650630474,0.610296560774168,1.02837069387898,0.909068055721702,1.05782634959718,1.54989048671057,1.90593241293088,1.8801854351758,1.71681409286557,1.60333489075557,1.8418917918543,2.08604702775696,2.08342702826055,2.48247865576743
1787,"other",0,0.552239650630474,0.610296560774168,1.02837069387898,0.909068055721702,1.05782634959718,1.54989048671057,1.90593241293088,1.8801854351758,NA,1.60333489075557,1.8418917918543,2.08604702775696,2.08342702826055,2.48247865576743
1788,"other",0,0.552239650630474,0.610296560774168,1.02837069387898,0.909068055721702,1.05782634959718,1.54989048671057,1.90593241293088,1.8801854351758,1.71681409286557,1.60333489075557,1.8418917918543,2.08604702775696,2.08342702826055,2.48247865576743
1789,"other",0,0.552239650630474,0.610296560774168,1.02837069387898,0.909068055721702,1.05782634959718,1.54989048671057,1.90593241293088,1.8801854351758,1.71681409286557,1.60333489075557,1.8418917918543,2.08604702775696,2.08342702826055,2.48247865576743
1790,"other",0,0.552239650630474,0.610296560774168,1.02837069387898,0.909068055721702,1.05782634959718,NA,NA,NA,NA,1.60333489075557,1.8418917918543,NA,2.08342702826055,2.48247865576743
1791,"other",NA,NA,NA,NA,0.909068055721702,1.05782634959718,NA,1.90593241293088,1.8801854351758,1.71681409286557,NA,NA,2.08604702775696,NA,2.48247865576743
1792,"other",0,NA,0.610296560774168,1.02837069387898,0.909068055721702,1.05782634959718,1.54989048671057,1.90593241293088,1.8801854351758,1.71681409286557,1.60333489075557,NA,NA,NA,NA
1793,"other",NA,NA,NA,NA,0.909068055721702,NA,NA,NA,NA,NA,NA,NA,NA,NA,NA
1795,"other",0,0.552239650630474,0.610296560774168,1.02837069387898,0.909068055721702,1.05782634959718,1.54989048671057,1.90593241293088,1.8801854351758,1.71681409286557,1.60333489075557,1.8418917918543,2.08604702775696,2.08342702826055,2.48247865576743
1796,"other",0,0.552239650630474,0.610296560774168,1.02837069387898,0.909068055721702,1.05782634959718,1.54989048671057,1.90593241293088,1.8801854351758,1.71681409286557,1.60333489075557,1.8418917918543,2.08604702775696,2.08342702826055,2.48247865576743
1797,"other",0,0.552239650630474,0.610296560774168,1.02837069387898,0.909068055721702,1.05782634959718,1.54989048671057,1.90593241293088,1.8801854351758,1.71681409286557,1.60333489075557,1.8418917918543,2.08604702775696,2.08342702826055,2.48247865576743
1802,"other",0,0.552239650630474,0.610296560774168,1.02837069387898,0.909068055721702,1.05782634959718,1.54989048671057,1.90593241293088,1.8801854351758,1.71681409286557,1.60333489075557,1.8418917918543,2.08604702775696,2.08342702826055,2.48247865576743
1803,"other",NA,NA,NA,1.02837069387898,NA,NA,NA,NA,NA,NA,NA,NA,NA,NA,NA
1806,"other",0,0.552239650630474,0.610296560774168,1.02837069387898,0.909068055721702,1.05782634959718,1.54989048671057,1.90593241293088,1.8801854351758,1.71681409286557,1.60333489075557,1.8418917918543,2.08604702775696,2.08342702826055,2.48247865576743
1807,"other",0,0.552239650630474,0.610296560774168,1.02837069387898,0.909068055721702,1.05782634959718,1.54989048671057,1.90593241293088,1.8801854351758,1.71681409286557,1.60333489075557,1.8418917918543,2.08604702775696,2.08342702826055,2.48247865576743
1808,"other",0,0.552239650630474,0.610296560774168,1.02837069387898,0.909068055721702,1.05782634959718,1.54989048671057,1.90593241293088,1.8801854351758,NA,1.60333489075557,NA,NA,2.08342702826055,2.48247865576743
1811,"other",NA,NA,NA,NA,NA,NA,1.54989048671057,1.90593241293088,1.8801854351758,1.71681409286557,NA,1.8418917918543,NA,NA,NA
1815,"other",0,0.552239650630474,0.610296560774168,1.02837069387898,0.909068055721702,1.05782634959718,1.54989048671057,1.90593241293088,1.8801854351758,1.71681409286557,1.60333489075557,1.8418917918543,2.08604702775696,2.08342702826055,2.48247865576743
1816,"other",NA,NA,NA,NA,NA,1.05782634959718,NA,NA,NA,NA,1.60333489075557,1.8418917918543,2.08604702775696,2.08342702826055,2.48247865576743
1819,"other",0,0.552239650630474,0.610296560774168,1.02837069387898,0.909068055721702,1.05782634959718,1.54989048671057,1.90593241293088,1.8801854351758,1.71681409286557,1.60333489075557,1.8418917918543,2.08604702775696,2.08342702826055,2.48247865576743
